/*
 Navicat Premium Data Transfer

 Source Server         : gg
 Source Server Type    : PostgreSQL
 Source Server Version : 140007 (140007)
 Source Host           : localhost:5432
 Source Catalog        : mbaking_api
 Source Schema         : public

 Target Server Type    : PostgreSQL
 Target Server Version : 140007 (140007)
 File Encoding         : 65001

 Date: 26/05/2023 02:09:17
*/


-- ----------------------------
-- Sequence structure for account_types_id_seq
-- ----------------------------
DROP SEQUENCE IF EXISTS "public"."account_types_id_seq";
CREATE SEQUENCE "public"."account_types_id_seq" 
INCREMENT 1
MINVALUE  1
MAXVALUE 2147483647
START 1
CACHE 1;

-- ----------------------------
-- Sequence structure for accounts_id_seq
-- ----------------------------
DROP SEQUENCE IF EXISTS "public"."accounts_id_seq";
CREATE SEQUENCE "public"."accounts_id_seq" 
INCREMENT 1
MINVALUE  1
MAXVALUE 2147483647
START 1
CACHE 1;

-- ----------------------------
-- Sequence structure for authorities_id_seq
-- ----------------------------
DROP SEQUENCE IF EXISTS "public"."authorities_id_seq";
CREATE SEQUENCE "public"."authorities_id_seq" 
INCREMENT 1
MINVALUE  1
MAXVALUE 2147483647
START 1
CACHE 1;

-- ----------------------------
-- Sequence structure for notifications_id_seq
-- ----------------------------
DROP SEQUENCE IF EXISTS "public"."notifications_id_seq";
CREATE SEQUENCE "public"."notifications_id_seq" 
INCREMENT 1
MINVALUE  1
MAXVALUE 2147483647
START 1
CACHE 1;

-- ----------------------------
-- Sequence structure for role_authorities_id_seq
-- ----------------------------
DROP SEQUENCE IF EXISTS "public"."role_authorities_id_seq";
CREATE SEQUENCE "public"."role_authorities_id_seq" 
INCREMENT 1
MINVALUE  1
MAXVALUE 2147483647
START 1
CACHE 1;

-- ----------------------------
-- Sequence structure for roles_id_seq
-- ----------------------------
DROP SEQUENCE IF EXISTS "public"."roles_id_seq";
CREATE SEQUENCE "public"."roles_id_seq" 
INCREMENT 1
MINVALUE  1
MAXVALUE 2147483647
START 1
CACHE 1;

-- ----------------------------
-- Sequence structure for transactions_id_seq
-- ----------------------------
DROP SEQUENCE IF EXISTS "public"."transactions_id_seq";
CREATE SEQUENCE "public"."transactions_id_seq" 
INCREMENT 1
MINVALUE  1
MAXVALUE 2147483647
START 1
CACHE 1;

-- ----------------------------
-- Sequence structure for user_accounts_id_seq
-- ----------------------------
DROP SEQUENCE IF EXISTS "public"."user_accounts_id_seq";
CREATE SEQUENCE "public"."user_accounts_id_seq" 
INCREMENT 1
MINVALUE  1
MAXVALUE 2147483647
START 1
CACHE 1;

-- ----------------------------
-- Sequence structure for users_id_seq
-- ----------------------------
DROP SEQUENCE IF EXISTS "public"."users_id_seq";
CREATE SEQUENCE "public"."users_id_seq" 
INCREMENT 1
MINVALUE  1
MAXVALUE 2147483647
START 1
CACHE 1;

-- ----------------------------
-- Sequence structure for users_roles_id_seq
-- ----------------------------
DROP SEQUENCE IF EXISTS "public"."users_roles_id_seq";
CREATE SEQUENCE "public"."users_roles_id_seq" 
INCREMENT 1
MINVALUE  1
MAXVALUE 2147483647
START 1
CACHE 1;

-- ----------------------------
-- Table structure for account_types
-- ----------------------------
DROP TABLE IF EXISTS "public"."account_types";
CREATE TABLE "public"."account_types" (
  "id" int4 NOT NULL GENERATED BY DEFAULT AS IDENTITY (
INCREMENT 1
MINVALUE  1
MAXVALUE 2147483647
START 1
CACHE 1
),
  "name" varchar(255) COLLATE "pg_catalog"."default"
)
;

-- ----------------------------
-- Records of account_types
-- ----------------------------
INSERT INTO "public"."account_types" VALUES (4, '');
INSERT INTO "public"."account_types" VALUES (3, 'Drawing');

-- ----------------------------
-- Table structure for accounts
-- ----------------------------
DROP TABLE IF EXISTS "public"."accounts";
CREATE TABLE "public"."accounts" (
  "id" int4 NOT NULL GENERATED BY DEFAULT AS IDENTITY (
INCREMENT 1
MINVALUE  1
MAXVALUE 2147483647
START 1
CACHE 1
),
  "account_no" varchar COLLATE "pg_catalog"."default",
  "account_name" varchar(255) COLLATE "pg_catalog"."default",
  "profile" varchar(255) COLLATE "pg_catalog"."default",
  "pin" int4,
  "phone_number" varchar COLLATE "pg_catalog"."default",
  "transfer_limit" int4,
  "account_type" int4
)
;

-- ----------------------------
-- Records of accounts
-- ----------------------------
INSERT INTO "public"."accounts" VALUES (1, '10', 'saving', 'dkjfkdj', 1245, '8847748', 99393, 3);

-- ----------------------------
-- Table structure for authorities
-- ----------------------------
DROP TABLE IF EXISTS "public"."authorities";
CREATE TABLE "public"."authorities" (
  "id" int4 NOT NULL DEFAULT nextval('authorities_id_seq'::regclass),
  "name" varchar(50) COLLATE "pg_catalog"."default"
)
;

-- ----------------------------
-- Records of authorities
-- ----------------------------
INSERT INTO "public"."authorities" VALUES (1, 'user:read');
INSERT INTO "public"."authorities" VALUES (2, 'user:write');
INSERT INTO "public"."authorities" VALUES (3, 'user:delete');
INSERT INTO "public"."authorities" VALUES (4, 'user:update');
INSERT INTO "public"."authorities" VALUES (5, 'account:read');
INSERT INTO "public"."authorities" VALUES (6, 'account:write');
INSERT INTO "public"."authorities" VALUES (7, 'account:delete');
INSERT INTO "public"."authorities" VALUES (8, 'account:update');
INSERT INTO "public"."authorities" VALUES (9, 'transactions:read');
INSERT INTO "public"."authorities" VALUES (10, 'transactions:write');
INSERT INTO "public"."authorities" VALUES (11, 'transactions:delete');
INSERT INTO "public"."authorities" VALUES (12, 'transactions:update');

-- ----------------------------
-- Table structure for notifications
-- ----------------------------
DROP TABLE IF EXISTS "public"."notifications";
CREATE TABLE "public"."notifications" (
  "id" int4 NOT NULL GENERATED BY DEFAULT AS IDENTITY (
INCREMENT 1
MINVALUE  1
MAXVALUE 2147483647
START 1
CACHE 1
),
  "content" varchar(255) COLLATE "pg_catalog"."default",
  "transacted_at" timestamp(6),
  "transaction_id" int4,
  "sender_id" int4,
  "receiver_id" int4
)
;

-- ----------------------------
-- Records of notifications
-- ----------------------------

-- ----------------------------
-- Table structure for role_authorities
-- ----------------------------
DROP TABLE IF EXISTS "public"."role_authorities";
CREATE TABLE "public"."role_authorities" (
  "id" int4 NOT NULL DEFAULT nextval('role_authorities_id_seq'::regclass),
  "role_id" int4,
  "authority_id" int4
)
;

-- ----------------------------
-- Records of role_authorities
-- ----------------------------
INSERT INTO "public"."role_authorities" VALUES (1, 1, 5);
INSERT INTO "public"."role_authorities" VALUES (2, 1, 6);
INSERT INTO "public"."role_authorities" VALUES (3, 1, 7);
INSERT INTO "public"."role_authorities" VALUES (4, 1, 8);
INSERT INTO "public"."role_authorities" VALUES (5, 1, 9);
INSERT INTO "public"."role_authorities" VALUES (6, 1, 10);
INSERT INTO "public"."role_authorities" VALUES (7, 1, 11);
INSERT INTO "public"."role_authorities" VALUES (8, 1, 12);
INSERT INTO "public"."role_authorities" VALUES (9, 2, 1);
INSERT INTO "public"."role_authorities" VALUES (10, 2, 2);
INSERT INTO "public"."role_authorities" VALUES (11, 2, 4);
INSERT INTO "public"."role_authorities" VALUES (12, 2, 5);
INSERT INTO "public"."role_authorities" VALUES (13, 2, 6);
INSERT INTO "public"."role_authorities" VALUES (14, 2, 7);
INSERT INTO "public"."role_authorities" VALUES (15, 2, 8);
INSERT INTO "public"."role_authorities" VALUES (16, 2, 9);
INSERT INTO "public"."role_authorities" VALUES (17, 2, 10);
INSERT INTO "public"."role_authorities" VALUES (18, 2, 11);
INSERT INTO "public"."role_authorities" VALUES (19, 2, 12);
INSERT INTO "public"."role_authorities" VALUES (20, 3, 1);
INSERT INTO "public"."role_authorities" VALUES (21, 3, 2);
INSERT INTO "public"."role_authorities" VALUES (22, 3, 3);
INSERT INTO "public"."role_authorities" VALUES (23, 3, 4);
INSERT INTO "public"."role_authorities" VALUES (24, 3, 5);
INSERT INTO "public"."role_authorities" VALUES (25, 3, 6);
INSERT INTO "public"."role_authorities" VALUES (26, 3, 7);
INSERT INTO "public"."role_authorities" VALUES (27, 3, 8);
INSERT INTO "public"."role_authorities" VALUES (28, 3, 9);
INSERT INTO "public"."role_authorities" VALUES (29, 3, 10);
INSERT INTO "public"."role_authorities" VALUES (30, 3, 11);
INSERT INTO "public"."role_authorities" VALUES (31, 3, 12);

-- ----------------------------
-- Table structure for roles
-- ----------------------------
DROP TABLE IF EXISTS "public"."roles";
CREATE TABLE "public"."roles" (
  "id" int4 NOT NULL DEFAULT nextval('roles_id_seq'::regclass),
  "name" varchar(50) COLLATE "pg_catalog"."default" NOT NULL
)
;

-- ----------------------------
-- Records of roles
-- ----------------------------
INSERT INTO "public"."roles" VALUES (1, 'CUSTOMER');
INSERT INTO "public"."roles" VALUES (2, 'ADMIN');
INSERT INTO "public"."roles" VALUES (3, 'SYSTEM');

-- ----------------------------
-- Table structure for transactions
-- ----------------------------
DROP TABLE IF EXISTS "public"."transactions";
CREATE TABLE "public"."transactions" (
  "id" int4 NOT NULL GENERATED BY DEFAULT AS IDENTITY (
INCREMENT 1
MINVALUE  1
MAXVALUE 2147483647
START 1
CACHE 1
),
  "sender_account_id" int4,
  "receiver_account_id" int4,
  "amount" money,
  "remark" varchar(255) COLLATE "pg_catalog"."default",
  "is_payment" bool,
  "payment_id" int4,
  "phone_number" int4,
  "transfered_at" timestamp(6)
)
;

-- ----------------------------
-- Records of transactions
-- ----------------------------

-- ----------------------------
-- Table structure for user_accounts
-- ----------------------------
DROP TABLE IF EXISTS "public"."user_accounts";
CREATE TABLE "public"."user_accounts" (
  "id" int4 NOT NULL GENERATED BY DEFAULT AS IDENTITY (
INCREMENT 1
MINVALUE  1
MAXVALUE 2147483647
START 1
CACHE 1
),
  "user_id" int4,
  "account_id" int4,
  "created_at" timestamp(6),
  "is_disabled" bool
)
;

-- ----------------------------
-- Records of user_accounts
-- ----------------------------

-- ----------------------------
-- Table structure for users
-- ----------------------------
DROP TABLE IF EXISTS "public"."users";
CREATE TABLE "public"."users" (
  "id" int4 NOT NULL GENERATED BY DEFAULT AS IDENTITY (
INCREMENT 1
MINVALUE  1
MAXVALUE 2147483647
START 1
CACHE 1
),
  "name" varchar(255) COLLATE "pg_catalog"."default",
  "gender" varchar(255) COLLATE "pg_catalog"."default",
  "one_signal_id" varchar COLLATE "pg_catalog"."default",
  "is_deleted" bool,
  "is_student" bool,
  "student_card_id" varchar COLLATE "pg_catalog"."default",
  "password" varchar(255) COLLATE "pg_catalog"."default",
  "email" varchar(255) COLLATE "pg_catalog"."default",
  "is_verified" bool,
  "verified_code" varchar(255) COLLATE "pg_catalog"."default"
)
;

-- ----------------------------
-- Records of users
-- ----------------------------
INSERT INTO "public"."users" VALUES (66, NULL, NULL, NULL, 'f', NULL, NULL, '$2a$10$08KfyVwpsDBDk.bwhQVKeuuFxPbZiEI3xBfgW8MTolrJioZIFBnOC', 'ponleunhoem@gmail.com', 't', NULL);
INSERT INTO "public"."users" VALUES (68, NULL, NULL, NULL, 'f', NULL, NULL, '$2a$10$JLX6tKn1mvwKmyjhhl569ObaccLcJd.ZcC.AseJyDTIGoOc83VYGm', 'ponleunhoem871@gmail.com', 't', NULL);
INSERT INTO "public"."users" VALUES (67, NULL, NULL, NULL, 'f', NULL, NULL, '$2a$10$YoVqB9jg3zMvEQwxICDOPeDaQL70Oyb25BhQpwS3.wDQAnQMfKqoO', 'ponleunhoem87@gmail.com', 'f', NULL);
INSERT INTO "public"."users" VALUES (69, NULL, NULL, NULL, 'f', NULL, NULL, '$2a$10$CjFqh0Q94emnHFnKwUizu.M.OhGkac9yU25HHpCexWqffEF1WX1kC', 'ponleunhoemIlate@gmail.com', 't', NULL);
INSERT INTO "public"."users" VALUES (70, NULL, NULL, NULL, 'f', NULL, NULL, '$2a$10$cZsrrz5tGhhTn9FTyrEeIOBMrdai.tKPR7LEs6ahtpgk.nkUIcWza', 'ponleunhoemIlate@gmailponleu.com', 't', NULL);
INSERT INTO "public"."users" VALUES (71, NULL, NULL, NULL, 'f', NULL, NULL, '$2a$10$njY04aHd3VFnuwIFMF8Zzut8wvQ9l3HaW/8hKgeUWWGI6JrWREG4e', 'ponleunhoemIlate@gmailponqleu.com', 't', NULL);
INSERT INTO "public"."users" VALUES (72, NULL, NULL, NULL, 'f', NULL, NULL, '$2a$10$tdgiQ8zo2GfBSXpUvwKXzeObnDe6jNZGvim79sv0auElgmFKYiDKe', 'ponleunhoemIlate@gmailponrqleu.com', 't', NULL);
INSERT INTO "public"."users" VALUES (74, NULL, NULL, NULL, 'f', NULL, NULL, '$2a$10$Ie5qNHG0yQz9GYinNZOw8OFvFONo6I/ePMl/vG7n5yQzwEsEvlKqe', 'ponleunhoemqIlate@gmailponrqleu.com', 't', NULL);
INSERT INTO "public"."users" VALUES (75, NULL, NULL, NULL, 'f', NULL, NULL, '$2a$10$s06OalXMI3g/FEelb/bMZeBq1cjH7IiXOAmHLcMtxv9vrGOo4GiXS', 'ponleunhoemqIlatqe@gmailponrqleu.com', 't', NULL);
INSERT INTO "public"."users" VALUES (77, NULL, NULL, NULL, 'f', NULL, NULL, '$2a$10$3aJXCmaWKRCUKhNwn7EbrO2TdjvIU/V9N/U/A4x03NBjcl9MmcGju', 'customer@gmail.com', 't', NULL);
INSERT INTO "public"."users" VALUES (78, NULL, NULL, NULL, 'f', NULL, NULL, '$2a$10$uXIDahfeKq73MLGAfkKdRuyfp/oH4k0jehJqL273P8Hs.PqTSK94W', 'customer1@gmail.com', 't', NULL);
INSERT INTO "public"."users" VALUES (79, NULL, NULL, NULL, 'f', NULL, NULL, '$2a$10$fJIwbmVB.ZWTSFNsIH9P8eW4Rowz35FmJuyrKEvpP.QlmDao2Q/IG', 'admin@gmail.com', 't', NULL);
INSERT INTO "public"."users" VALUES (80, NULL, NULL, NULL, 'f', NULL, NULL, '$2a$10$LsiDpy7DMMJHSs261/teueT2HG/iLzaIqS/3vub/Y4zGrkW6/ra16', 'system@gmail.com', 't', NULL);
INSERT INTO "public"."users" VALUES (81, NULL, NULL, NULL, 'f', NULL, NULL, '$2a$10$8I1QlLDmMkiTVxuNFShwP.X/1BYCBk05Mi2FrQR82hCDyMVVq11ta', 'system@gqmail.com', 't', NULL);

-- ----------------------------
-- Table structure for users_roles
-- ----------------------------
DROP TABLE IF EXISTS "public"."users_roles";
CREATE TABLE "public"."users_roles" (
  "id" int4 NOT NULL DEFAULT nextval('users_roles_id_seq'::regclass),
  "user_id" int8,
  "role_id" int4
)
;

-- ----------------------------
-- Records of users_roles
-- ----------------------------
INSERT INTO "public"."users_roles" VALUES (32, 66, 1);
INSERT INTO "public"."users_roles" VALUES (33, 67, 2);
INSERT INTO "public"."users_roles" VALUES (34, 68, 2);
INSERT INTO "public"."users_roles" VALUES (35, 69, 3);
INSERT INTO "public"."users_roles" VALUES (36, 70, 3);
INSERT INTO "public"."users_roles" VALUES (37, 71, 2);
INSERT INTO "public"."users_roles" VALUES (38, 72, 1);
INSERT INTO "public"."users_roles" VALUES (39, 72, 2);
INSERT INTO "public"."users_roles" VALUES (40, 74, 1);
INSERT INTO "public"."users_roles" VALUES (41, 74, 2);
INSERT INTO "public"."users_roles" VALUES (42, 75, 1);
INSERT INTO "public"."users_roles" VALUES (43, 75, 2);
INSERT INTO "public"."users_roles" VALUES (44, 75, 3);
INSERT INTO "public"."users_roles" VALUES (45, 77, 1);
INSERT INTO "public"."users_roles" VALUES (46, 77, 2);
INSERT INTO "public"."users_roles" VALUES (47, 77, 3);
INSERT INTO "public"."users_roles" VALUES (48, 78, 1);
INSERT INTO "public"."users_roles" VALUES (49, 79, 2);
INSERT INTO "public"."users_roles" VALUES (50, 80, 3);
INSERT INTO "public"."users_roles" VALUES (51, 81, 3);

-- ----------------------------
-- Alter sequences owned by
-- ----------------------------
ALTER SEQUENCE "public"."account_types_id_seq"
OWNED BY "public"."account_types"."id";
SELECT setval('"public"."account_types_id_seq"', 4, true);

-- ----------------------------
-- Alter sequences owned by
-- ----------------------------
ALTER SEQUENCE "public"."accounts_id_seq"
OWNED BY "public"."accounts"."id";
SELECT setval('"public"."accounts_id_seq"', 1, false);

-- ----------------------------
-- Alter sequences owned by
-- ----------------------------
ALTER SEQUENCE "public"."authorities_id_seq"
OWNED BY "public"."authorities"."id";
SELECT setval('"public"."authorities_id_seq"', 12, true);

-- ----------------------------
-- Alter sequences owned by
-- ----------------------------
ALTER SEQUENCE "public"."notifications_id_seq"
OWNED BY "public"."notifications"."id";
SELECT setval('"public"."notifications_id_seq"', 1, false);

-- ----------------------------
-- Alter sequences owned by
-- ----------------------------
ALTER SEQUENCE "public"."role_authorities_id_seq"
OWNED BY "public"."role_authorities"."id";
SELECT setval('"public"."role_authorities_id_seq"', 31, true);

-- ----------------------------
-- Alter sequences owned by
-- ----------------------------
ALTER SEQUENCE "public"."roles_id_seq"
OWNED BY "public"."roles"."id";
SELECT setval('"public"."roles_id_seq"', 1, false);

-- ----------------------------
-- Alter sequences owned by
-- ----------------------------
ALTER SEQUENCE "public"."transactions_id_seq"
OWNED BY "public"."transactions"."id";
SELECT setval('"public"."transactions_id_seq"', 1, false);

-- ----------------------------
-- Alter sequences owned by
-- ----------------------------
ALTER SEQUENCE "public"."user_accounts_id_seq"
OWNED BY "public"."user_accounts"."id";
SELECT setval('"public"."user_accounts_id_seq"', 1, false);

-- ----------------------------
-- Alter sequences owned by
-- ----------------------------
ALTER SEQUENCE "public"."users_id_seq"
OWNED BY "public"."users"."id";
SELECT setval('"public"."users_id_seq"', 81, true);

-- ----------------------------
-- Alter sequences owned by
-- ----------------------------
ALTER SEQUENCE "public"."users_roles_id_seq"
OWNED BY "public"."users_roles"."id";
SELECT setval('"public"."users_roles_id_seq"', 51, true);

-- ----------------------------
-- Auto increment value for account_types
-- ----------------------------
SELECT setval('"public"."account_types_id_seq"', 4, true);

-- ----------------------------
-- Primary Key structure for table account_types
-- ----------------------------
ALTER TABLE "public"."account_types" ADD CONSTRAINT "account_types_pkey" PRIMARY KEY ("id");

-- ----------------------------
-- Auto increment value for accounts
-- ----------------------------
SELECT setval('"public"."accounts_id_seq"', 1, false);

-- ----------------------------
-- Primary Key structure for table accounts
-- ----------------------------
ALTER TABLE "public"."accounts" ADD CONSTRAINT "accounts_pkey" PRIMARY KEY ("id");

-- ----------------------------
-- Primary Key structure for table authorities
-- ----------------------------
ALTER TABLE "public"."authorities" ADD CONSTRAINT "authorities_pkey" PRIMARY KEY ("id");

-- ----------------------------
-- Auto increment value for notifications
-- ----------------------------
SELECT setval('"public"."notifications_id_seq"', 1, false);

-- ----------------------------
-- Primary Key structure for table notifications
-- ----------------------------
ALTER TABLE "public"."notifications" ADD CONSTRAINT "notifications_pkey" PRIMARY KEY ("id");

-- ----------------------------
-- Primary Key structure for table role_authorities
-- ----------------------------
ALTER TABLE "public"."role_authorities" ADD CONSTRAINT "role_authorities_pkey" PRIMARY KEY ("id");

-- ----------------------------
-- Uniques structure for table roles
-- ----------------------------
ALTER TABLE "public"."roles" ADD CONSTRAINT "roles_name_key" UNIQUE ("name");

-- ----------------------------
-- Primary Key structure for table roles
-- ----------------------------
ALTER TABLE "public"."roles" ADD CONSTRAINT "roles_pkey" PRIMARY KEY ("id");

-- ----------------------------
-- Auto increment value for transactions
-- ----------------------------
SELECT setval('"public"."transactions_id_seq"', 1, false);

-- ----------------------------
-- Primary Key structure for table transactions
-- ----------------------------
ALTER TABLE "public"."transactions" ADD CONSTRAINT "transactions_pkey" PRIMARY KEY ("id");

-- ----------------------------
-- Auto increment value for user_accounts
-- ----------------------------
SELECT setval('"public"."user_accounts_id_seq"', 1, false);

-- ----------------------------
-- Primary Key structure for table user_accounts
-- ----------------------------
ALTER TABLE "public"."user_accounts" ADD CONSTRAINT "user_accounts_pkey" PRIMARY KEY ("id");

-- ----------------------------
-- Auto increment value for users
-- ----------------------------
SELECT setval('"public"."users_id_seq"', 81, true);

-- ----------------------------
-- Primary Key structure for table users
-- ----------------------------
ALTER TABLE "public"."users" ADD CONSTRAINT "users_pkey" PRIMARY KEY ("id");

-- ----------------------------
-- Primary Key structure for table users_roles
-- ----------------------------
ALTER TABLE "public"."users_roles" ADD CONSTRAINT "users_roles_pkey" PRIMARY KEY ("id");

-- ----------------------------
-- Foreign Keys structure for table accounts
-- ----------------------------
ALTER TABLE "public"."accounts" ADD CONSTRAINT "account_type" FOREIGN KEY ("account_type") REFERENCES "public"."account_types" ("id") ON DELETE NO ACTION ON UPDATE NO ACTION;

-- ----------------------------
-- Foreign Keys structure for table notifications
-- ----------------------------
ALTER TABLE "public"."notifications" ADD CONSTRAINT "receiver_id" FOREIGN KEY ("receiver_id") REFERENCES "public"."users" ("id") ON DELETE NO ACTION ON UPDATE NO ACTION;
ALTER TABLE "public"."notifications" ADD CONSTRAINT "sender_id" FOREIGN KEY ("sender_id") REFERENCES "public"."users" ("id") ON DELETE NO ACTION ON UPDATE NO ACTION;
ALTER TABLE "public"."notifications" ADD CONSTRAINT "transaction_id" FOREIGN KEY ("transaction_id") REFERENCES "public"."transactions" ("id") ON DELETE NO ACTION ON UPDATE NO ACTION;

-- ----------------------------
-- Foreign Keys structure for table role_authorities
-- ----------------------------
ALTER TABLE "public"."role_authorities" ADD CONSTRAINT "role_authorities_authority_id_fkey" FOREIGN KEY ("authority_id") REFERENCES "public"."authorities" ("id") ON DELETE NO ACTION ON UPDATE NO ACTION;
ALTER TABLE "public"."role_authorities" ADD CONSTRAINT "role_authorities_role_id_fkey" FOREIGN KEY ("role_id") REFERENCES "public"."roles" ("id") ON DELETE NO ACTION ON UPDATE NO ACTION;

-- ----------------------------
-- Foreign Keys structure for table transactions
-- ----------------------------
ALTER TABLE "public"."transactions" ADD CONSTRAINT "receiver_account_id" FOREIGN KEY ("receiver_account_id") REFERENCES "public"."accounts" ("id") ON DELETE NO ACTION ON UPDATE NO ACTION;
ALTER TABLE "public"."transactions" ADD CONSTRAINT "sender_account_id" FOREIGN KEY ("sender_account_id") REFERENCES "public"."accounts" ("id") ON DELETE NO ACTION ON UPDATE NO ACTION;

-- ----------------------------
-- Foreign Keys structure for table user_accounts
-- ----------------------------
ALTER TABLE "public"."user_accounts" ADD CONSTRAINT "account_id" FOREIGN KEY ("account_id") REFERENCES "public"."accounts" ("id") ON DELETE NO ACTION ON UPDATE NO ACTION;
ALTER TABLE "public"."user_accounts" ADD CONSTRAINT "user_id" FOREIGN KEY ("user_id") REFERENCES "public"."users" ("id") ON DELETE NO ACTION ON UPDATE NO ACTION;

-- ----------------------------
-- Foreign Keys structure for table users_roles
-- ----------------------------
ALTER TABLE "public"."users_roles" ADD CONSTRAINT "users_roles_role_id_fkey" FOREIGN KEY ("role_id") REFERENCES "public"."roles" ("id") ON DELETE NO ACTION ON UPDATE NO ACTION;
ALTER TABLE "public"."users_roles" ADD CONSTRAINT "users_roles_user_id_fkey" FOREIGN KEY ("user_id") REFERENCES "public"."users" ("id") ON DELETE NO ACTION ON UPDATE NO ACTION;
